{"TimeInterval": [0, 1.0], "ContiRes": [[1.5076566451066738e-06, 2.882398439611629e-06, 4.987033379163781e-06, 1.0488872899128583e-05, 1.2884061935154244e-05, 2.0066004188570867e-05, 1.1288644406790068e-05, 1.0759334190292069e-05, 6.9754523826296765e-06, 4.804917890171244e-06, 2.7752971390308437e-06, 1.521666468781387e-06, 5.196468937652344e-07, 7.313472418522641e-07, 2.1691837963765443e-06, 5.15766053992974e-06, 1.1112253425344032e-05, 1.342641261915058e-05, 1.1885352282577679e-05, 1.0226064335960902e-05, 8.074285707178759e-06, 4.618059286680275e-06, 2.636705254343612e-06, 1.517325342557496e-06, 7.6222378486805e-07, 7.251177584855615e-07, 2.4314361151661717e-06, 4.866598609305371e-06, 1.0042893357383815e-05, 1.2947020192633549e-05, 2.142755723562431e-05, 1.1234302549131301e-05]], "TimeDiscs": [32], "TolCor": [[1.0, 1.0, 1.0, 1.0, 1.0, 0.99565886454170927, 0.92576282594295722, 0.91076187433877476, 0.94665838794716206, 1.0, 1.0, 1.0, 1.0, 1.0, 1.0, 1.0, 1.0, 1.0, 1.0, 1.0, 1.0, 1.0, 1.0, 1.0, 1.0, 1.0, 1.0, 1.0, 1.0, 1.0, 1.0, 0.93190293826454207]], "SpaceDiscParam": 12, "LinaTol": 0.0001, "Omega": 8, "VelEr": [[2.1772621163940682e-05, 0.00010375589028940483, 0.0002481288609203425, 0.0004422862722699345, 0.000678133747820393, 0.0009426363613620452, 0.0012279961220366057, 0.00149225430232161, 0.0017283249511830605, 0.0019263781939328037, 0.0020724180836989205, 0.002157969953391978, 0.0021778141275058086, 0.00213071180173142, 0.002019459918269122, 0.0018514721851197653, 0.0016385760991113444, 0.0013894868425535403, 0.0011124908776086737, 0.0008360661686859629, 0.0005823032893022741, 0.00036187642482972654, 0.00018517661680016122, 6.569922566383906e-05, 1.9004631091118738e-05, 2.3714024987813173e-05, 9.178915324113876e-05, 0.00022733965237967617, 0.0004151146918814301, 0.0006458194547905207, 0.0009058291402953796, 0.001192051198713141]], "PEr": [[3.2474861766668687e-06, 0.00012886189601037025, 0.000268527658668229, 0.0003876196591100997, 0.00048321009367742804, 0.0005675955435191106, 0.0006150631512770665, 0.000598381273265759, 0.0006114859104766133, 0.0005318265537095148, 0.0004078437519867664, 0.000254873227073484, 8.901896436974002e-05, 6.335167366678773e-05, 0.00019829624269873157, 0.00032030135872427294, 0.0004321630128150649, 0.0005113517411648623, 0.0005884707359607647, 0.0006298842818598223, 0.0006176524497007135, 0.0005929058138465909, 0.0004856142208923904, 0.00034616224127310903, 0.0001867291872645278, 3.2236506586652057e-05, 0.00011106125339391414, 0.0002500615497095062, 0.0003723980074966139, 0.0004698584235566268, 0.0005532474906857247, 0.000609800109215219]], "TimeIntMeth": "HalfExpEulSmaMin"}