{"TimeInterval": [0, 1.0], "ContiRes": [[3.396274251119279e-09, 5.194929508837184e-07, 1.2670245593334753e-06, 2.5192664604390033e-06, 3.544747046172331e-06, 5.103480474399934e-06, 6.745875630085575e-06, 9.09192536651167e-06, 1.0036989470754526e-05, 1.3801560374821897e-05, 1.5580602664000993e-05, 1.9062318384706303e-05, 1.8333881581541832e-05, 2.59801537415486e-05, 1.7783691390220045e-05, 2.0406062471536456e-05, 2.5280277446766132e-05, 2.8362363110157374e-05, 2.7171563332806416e-05, 1.878879866223739e-05, 1.069043224468651e-06, 2.632428290806118e-05, 9.738537077691567e-06, 1.568699471946445e-05, 1.3085409400703077e-05, 1.1009256499150086e-05, 9.750229173486012e-06, 5.785157160679371e-06, 4.99806868922153e-06, 3.3952912657078314e-06, 2.512533653993545e-06, 1.2841050377537825e-06]], "TimeDiscs": [32], "TolCor": [[1.0, 1.0, 1.0, 1.0, 1.0, 1.0, 1.0, 1.0, 1.0, 1.0, 1.0, 1.0, 1.0, 1.0, 1.0, 1.0, 1.0, 1.0, 1.0, 1.0, 1.0, 1.0, 1.0, 1.0, 1.0, 1.0, 1.0, 1.0, 1.0, 1.0, 1.0, 1.0]], "SpaceDiscParam": 20, "LinaTol": 0.0001, "Omega": 3, "VelEr": [[1.0694529270584325e-06, 8.503224289225662e-06, 2.3516931063833863e-05, 4.570409652582206e-05, 7.477269128648804e-05, 0.00011054413021095307, 0.00015266058285882717, 0.00020080633173257112, 0.0002543832702839342, 0.00031326876637259127, 0.00037655502036873485, 0.00044399451294715997, 0.0005145050160625039, 0.0005884613485959457, 0.0006634129780463303, 0.0007404356637234306, 0.0008184689973184011, 0.0008965918663791274, 0.0009739219198924506, 0.0010496595634096435, 0.0011234347161464978, 0.0011955351409313683, 0.0012634005109619369, 0.0013280098495693058, 0.0013881196345407808, 0.0014433327609760856, 0.001493179602464497, 0.0015371962099314498, 0.0015750595709004566, 0.0016064087096597248, 0.0016309854232233348, 0.0016485777439663718]], "PEr": [[5.48074380086831e-09, 8.280745020636186e-05, 0.0001482054180336737, 0.00022845403387830867, 0.0002611144276949937, 0.0003393787691307326, 0.00038855548672607883, 0.0004730207386852557, 0.00042668452147237595, 0.0006369118576017342, 0.000550387822000262, 0.0006915794461368781, 0.0004522685178831066, 0.0009888379701741483, 8.80824344941322e-05, 0.0005626431462892488, 0.0008124710807423961, 0.0007991763642291446, 0.0005683911207634795, 0.00011985612678283954, 0.0005826879247540376, 0.0013341736703214424, 0.0014782582965264805, 0.00019030484086347103, 0.000530115758853082, 0.0005114768397942582, 0.0004398045416214244, 0.0005597369941739402, 0.0003223734697817995, 0.0003268432459214385, 0.0002357011231948584, 0.00020903527048032517]], "TimeIntMeth": "HalfExpEulInd2"}