{"TimeInterval": [0, 1.0], "ContiRes": [[1.4805862921752002e-06, 2.415371435416266e-06, 5.8882644176161335e-06, 1.0812893799464114e-05, 1.5386402106984897e-05, 2.0470890916026183e-05, 1.0609968590893316e-05, 1.0042510097490289e-05, 7.183117546848584e-06, 4.908958005375871e-06, 2.3798544361928255e-06, 1.2411164084972355e-06, 5.864928932246024e-07, 7.075355819606751e-07, 2.308968378185405e-06, 4.4819738838134725e-06, 1.11389588569252e-05, 1.3508048058492509e-05, 9.973511628116393e-06, 9.551659682588465e-06, 7.778760394979508e-06, 4.690295385352173e-06, 3.201263898968106e-06, 1.5314028283118478e-06, 6.510370855565552e-07, 6.515160725449023e-07, 2.3644791143939942e-06, 5.727937024299776e-06, 1.030527194672822e-05, 1.451598264650192e-05, 2.1517650127280018e-05, 1.0503282403881539e-05]], "TimeDiscs": [32], "TolCor": [[1.0, 1.0, 1.0, 1.0, 1.0, 0.99598271996404764, 0.9260392619012251, 0.91100849274905071, 0.94687518423506278, 1.0, 1.0, 1.0, 1.0, 1.0, 1.0, 1.0, 1.0, 1.0, 1.0, 1.0, 1.0, 1.0, 1.0, 1.0, 1.0, 1.0, 1.0, 1.0, 1.0, 1.0, 1.0, 0.9321694155598893]], "SpaceDiscParam": 12, "LinaTol": 0.0001, "Omega": 8, "VelEr": [[2.1701289304632565e-05, 0.00010385575233850118, 0.00024735503030811614, 0.00044174646327339227, 0.0006765091249427401, 0.0009420460501957169, 0.0012270320690522373, 0.0014915006400627487, 0.0017281127083505854, 0.001926175646718635, 0.00207171583672476, 0.0021575783661679044, 0.0021775178670205525, 0.00213043440128094, 0.0020190220229774213, 0.0018506820306108882, 0.001638225772274714, 0.0013890215530016473, 0.001112304364446056, 0.0008359390877173212, 0.0005820952398211212, 0.00036120194308867027, 0.0001845440284243346, 6.547053497150723e-05, 1.974517342036113e-05, 2.4290223886347713e-05, 9.162170072412789e-05, 0.0002263354239120776, 0.00041446954399217286, 0.0006445116373746264, 0.0009052258395265417, 0.0011910434505766948]], "PEr": [[3.7725264262711054e-06, 0.00014579863576647873, 0.0002955518417688381, 0.0004329444713243312, 0.0005323362304605509, 0.0006001099476792408, 0.0006324114419582423, 0.0006092769444054499, 0.0005625318626768581, 0.0004751210414823603, 0.0003712651844112807, 0.0002365477510195513, 8.513855581364633e-05, 6.973792434388054e-05, 0.00021235571067194892, 0.000350964870881174, 0.0004747082374357951, 0.0005603680010379083, 0.0006140172979372915, 0.000634683223437809, 0.0006014998876455564, 0.0005405172702314949, 0.0004504228889820833, 0.0003287867260196768, 0.00018038551428391808, 2.2941327104180543e-05, 0.0001245749070191491, 0.0002757509789274898, 0.000415535982206137, 0.0005211035091585988, 0.0005909167292712505, 0.0006346871167835261]], "TimeIntMeth": "HalfExpEulSmaMin"}